Country,HDI,latitude,longitude,Life expectancy,Mean years of schooling,Gross national income (GNI) per capita,Gender Development Index value,Mean years of schooling Female,Mean years of schooling Male,Estimated gross national income per capita Female,Estimated gross national income per capita Male,Share of seats in parliament (% held by women),Population with at least some secondary education % (2005-2015) Female,Population with at least some secondary education % (2005-2015) Male,Labour force participation rate (% ages 15 and older) Female,Population Average annual growth 2000/2005 (%),Population Average annual growth 2010/2015 (%),Population Urban 2015 %,Population Median age (years) 2015,Dependency Ration Young age (0-14) /(per 100 people ages 15-64),Dependency Ratio Old age (65 and older) /(per 100 people ages 15-64),Total fertility rate (birth per woman) 2000/2005,Total fertility rate (birth per woman) 2000/2007,Infants exclusively breastfed (% ages 0-5 months) 2010-2015,Infants lacking immunization DTP (% of one-year-olds),Infants lacking immunization Measles (% of one-year-olds),Child malnutrition Stunting (moderate or severe) 2010-2015,"Mortality rates Infant (per 1,000 live births) 2015","Mortality rates Under-five (per 1,000 live births) 2015","Mortality rates Female Adult (per 1,000 live births) 2014","Mortality rates Male Adult (per 1,000 live births) 2014","Deaths due to Malria (per 100,000 people)","Deaths due to Tuberculosis (per 100,000 people)","HIV prevalence, adult (% ages 15-49)",Life expectancy at age 59 (years) 2010/2015,"Physicians  (per 10,000 people) 2001-2014",Public health expenditure (% of GDP) 2014,Employment to population ratio (% ages 15 and older),Labour force participation rate (% ages 15 and older),Employment in agriculture (% of total employment) 2010-2014,Employment in services (% of total employment) 2010- 2014,Total Unemployment (% of labour force) 2015,Unemployment Youth (% ages 15-24) 2010-2014,Unemployment Youth not in school or employment (% ages 15-24) 2010-2014,Vulnerable employment (% of total employment) 2005-2014,Working poor at PPP$3.10 a day (%) 2004-2013,Old-age pension recipients  (% of statutory pension age population) 2004-2013,Internet users (% 2010 -2015),Coefficient of human inequality,Inequality in life expectancy (%) 2010-2015,Inequality-adjusted life expectancy index,Child labour  (% ages 5-14) 2009-2015,Inequality in education(%),Inequality in income (%),Mandatory paid maternity leave (days)
Norway,0.949,79.8486,22.6903,81.7,12.7,67614,0.993,12.8,12.7,59800,75314,39.6,96.1,94.6,61.2,0.6,1.3,80.5,39.1,27.3,24.9,1.8,1.8,,1,6,,2.0,2.6,44,69,,0.2,,23.9,42.8,8.3,62.2,64.9,2.1,77.0,4.1,10.1,5.5,5.3,,100.0,-0.8,5.4,3.3,0.918,,2.4,10.4,
Australia,0.939,-24.915,133.076,82.5,13.2,42822,0.978,13.4,13.0,34271,51386,30.5,91.4,91.5,58.6,1.2,1.6,89.4,37.5,28.2,22.7,1.8,1.9,,8,7,2.0,3.0,3.8,,,,0.2,0.2,24.9,32.7,6.3,60.7,64.7,2.6,69.5,6.3,13.5,9.8,,,83.0,32.2,8.0,4.3,0.921,,1.9,17.7,
Switzerland,0.939,46.8119,8.427,83.1,13.4,56364,0.974,13.3,13.5,46798,66116,28.9,96.1,97.4,62.7,0.7,1.2,73.9,42.3,22.0,26.9,1.4,1.5,,2,7,,3.4,3.9,,,,0.1,,25.0,40.5,7.7,65.7,68.7,3.2,73.9,4.3,7.0,7.3,9.1,,100.0,15.3,8.4,3.8,0.934,,5.7,15.7,98
Germany,0.926,51.1135,10.5197,81.1,13.2,45000,0.964,12.9,13.6,35878,54440,36.9,96.4,97.0,54.5,-0.2,0.1,75.3,46.2,19.6,32.2,1.4,1.4,,2,3,1.3,3.1,3.7,,,,0.4,,23.5,38.9,8.7,57.6,60.3,1.3,70.4,4.6,7.1,6.4,6.3,,100.0,9.6,7.0,3.7,0.905,,2.6,14.8,98
Denmark,0.925,56.2612,9.24882,80.4,12.7,44519,0.970,12.6,12.9,36857,52293,37.4,89.1,98.5,58.0,0.3,0.4,87.7,41.6,26.3,29.6,1.8,1.7,,4,10,,2.9,3.5,,,,0.4,,22.8,34.9,9.2,58.1,62.0,2.3,78.0,6.3,10.8,5.8,5.4,,100.0,11,7.0,3.8,0.894,,3.0,14.3,126
Singapore,0.925,1.35432,103.825,83.2,11.6,78162,0.985,11.1,12.1,60787,96001,23.9,75.5,81.9,58.2,2.7,2.0,100.0,40.0,21.4,16.1,1.3,1.2,,2,5,4.4,2.1,2.7,39,71,,1.0,,25.1,19.5,2.1,65.0,67.2,,70.6,3.3,7.3,18.9,8.7,,0.0,0.5,,3.0,0.943,,,,105
Netherlands,0.924,52.1079,5.5341,81.7,11.9,46326,0.946,11.6,12.2,30117,62773,36.4,86.2,90.3,57.5,0.5,0.4,90.5,42.7,25.3,27.9,1.7,1.8,,2,4,,3.2,3.8,,,,0.1,,23.8,28.6,9.5,59.9,63.8,2.0,75.3,6.1,8.8,5.0,12.8,,100.0,7,6.8,3.7,0.914,,4.2,12.4,112
Ireland,0.923,53.4161,-7.95881,81.1,12.3,43798,0.976,12.5,11.9,33497,54135,19.9,86.8,82.2,52.4,1.8,0.3,63.2,36.9,33.5,20.2,2.0,2.0,,2,7,,3.0,3.6,,,,0.4,,23.4,26.7,5.1,54.3,60.0,6.1,75.2,9.5,20.9,15.2,12.7,,90.5,-1.5,7.7,3.7,0.905,,3.0,16.3,182
Iceland,0.921,64.9725,-18.4673,82.7,12.2,37065,0.965,12.2,12.6,30530,43576,41.3,100.0,97.2,70.7,1.1,0.7,94.1,36.0,30.8,20.8,2.0,2.0,,4,10,,1.6,2.0,39,67,,0.3,,24.5,34.8,7.2,70.8,74.1,4.2,77.1,4.4,8.7,5.8,8.5,,100.0,6.3,5.7,2.9,0.937,,2.5,11.7,90
Canada,0.920,56.8373,-110.436,82.2,13.1,42582,0.983,13.3,12.9,33288,52026,28.3,100.0,100.0,61.0,1.0,1.0,81.8,40.6,23.5,23.8,1.5,1.6,,2,5,,4.3,4.9,,,,0.2,,24.7,20.7,7.4,61.0,65.6,2.1,78.2,6.9,13.2,13.3,,,97.7,8.3,8.7,4.7,0.912,,3.9,17.4,105
United States,0.920,37.2472,-99.6968,79.2,13.2,53245,0.993,13.2,13.2,42272,64410,19.5,95.4,95.1,56.0,0.9,0.8,81.6,38.0,28.6,22.3,2.0,1.9,,2,9,2.1,5.6,6.5,78,131,,0.1,,23.3,24.5,8.3,58.8,62.1,1.6,81.2,5.3,11.8,16.5,,,92.5,28.8,12.9,6.1,0.856,,5.6,27.0,
Hong Kong,0.917,22.4112,114.057,84.2,11.6,54265,0.964,11.5,12.4,39525,70921,,80.9,74.7,53.4,0.2,0.8,100.0,43.2,16.4,20.6,1.0,1.2,,,,,,,32,64,,2.5,,25.8,,,58.3,60.3,,79.9,3.3,9.5,6.6,6.9,,72.9,16.9,,2.8,0.959,,,,70
New Zealand,0.915,-43.5877,171.243,82.0,12.5,32870,0.963,12.6,12.5,24413,41718,31.4,98.8,98.7,62.4,1.4,0.7,86.3,38.0,31.1,22.9,1.9,2.1,,7,7,,4.7,5.7,52,81,,0.1,,24.5,27.4,9.1,63.6,67.6,6.4,73.0,5.9,14.4,11.9,,,98.0,13,,4.6,0.910,,,,112
Sweden,0.913,62.1827,14.9052,82.3,12.3,46251,0.997,12.4,12.2,40328,52181,43.6,87.8,88.3,60.9,0.4,0.8,85.8,41.0,27.5,31.8,1.7,1.9,,1,3,,2.4,3.0,43,66,,0.3,,24.3,39.3,10.0,59.8,64.5,1.7,79.0,7.4,20.8,7.2,6.7,,100.0,11.3,6.6,3.3,0.928,,3.4,13.1,
Liechtenstein,0.912,47.1375,9.5419,80.2,12.4,75065,,,,,,20.0,,,,0.9,0.7,14.3,,,,,,,,,,,,,,,,,,,,,,,,,,,,,,10.7,,,,,,,
United Kingdom,0.909,54.3103,-1.90973,80.8,13.3,37931,0.964,13.2,13.4,26324,49872,26.7,81.3,84.6,56.9,0.5,0.6,82.6,40.0,27.6,27.6,1.7,1.9,,2,7,,3.5,4.2,54,85,,0.5,,23.5,28.1,7.6,59.3,62.7,1.1,79.1,5.5,15.1,11.9,12.7,,99.5,1.7,7.8,4.5,0.894,,2.8,16.2,14
Japan,0.903,43.4657,143.335,83.7,12.5,37268,0.970,12.6,12.4,25385,49818,11.6,93.0,90.6,49.1,0.2,-0.1,93.5,46.5,21.1,43.3,1.3,1.4,,1,2,7.1,2.0,2.7,,,,1.8,,25.8,23.0,8.6,57.3,59.3,3.7,69.1,3.3,5.3,3.9,,,80.3,29.2,12.2,3.2,0.948,,19.8,13.5,98
Korea,0.901,36.4609,128.017,82.1,12.2,34541,0.929,11.5,12.9,21308,47934,16.3,88.8,94.6,50.0,0.6,0.5,82.5,40.6,19.2,18.0,1.2,1.3,,1,1,2.5,2.9,3.4,37,90,0.0,3.8,,24.3,21.4,4.0,58.6,60.8,6.1,69.5,3.7,10.4,18.8,,,77.6,13.1,15.9,3.7,0.920,,25.5,18.4,90
Israel,0.899,31.4553,34.6746,82.6,12.8,31215,0.973,12.8,12.7,23323,39239,26.7,87.3,90.3,58.9,1.9,1.7,92.1,30.3,45.7,18.4,2.9,3.1,,5,4,,3.2,4.0,,,,0.2,,24.6,33.4,4.8,60.8,64.0,1.1,79.7,5.0,8.1,15.7,,,73.6,8.7,12.9,3.9,0.925,,8.4,26.4,98
Luxembourg,0.898,49.807,6.06572,81.9,12.0,62471,0.966,11.6,12.3,47539,77291,28.3,100.6,99.4,52.2,1.0,2.2,90.2,39.2,23.6,20.1,1.7,1.6,,1,1,,1.5,1.9,,,,0.2,,23.9,29.0,5.8,55.7,59.1,1.3,85.7,5.9,18.6,6.3,6.3,,90.0,3.8,7.8,2.6,0.927,,5.8,15.1,112
France,0.897,46.7326,2.19266,82.4,11.6,38085,0.988,11.5,11.8,31742,44776,25.7,79.7,85.5,50.7,0.6,0.5,79.5,41.2,29.6,30.6,1.9,2.0,,1,10,,3.5,4.3,51,105,,0.6,,25.2,31.9,9.0,49.4,55.2,2.8,75.8,10.6,24.7,10.7,7.2,,100.0,12.3,9.3,4.0,0.921,,7.5,16.3,112
Belgium,0.896,50.5023,4.84062,81.0,11.4,41243,0.978,11.2,11.6,32416,50358,42.4,80.1,84.7,48.2,0.6,0.7,97.9,41.5,26.1,28.1,1.7,1.8,,1,4,,3.3,4.1,,,,0.3,,23.7,48.9,8.2,48.9,53.6,1.1,77.4,8.7,21.8,12.1,10.5,,84.6,4.1,8.3,4.0,0.901,,8.1,12.7,105
Finland,0.895,64.941,27.4203,81.0,11.2,38868,1.000,11.5,11.1,32069,45882,41.5,100.0,100.0,55.0,0.3,0.5,84.2,42.5,25.9,32.4,1.8,1.7,,1,3,,1.9,2.3,,,,0.2,,23.7,29.1,7.3,52.9,58.5,3.9,73.7,9.6,23.3,10.2,9.8,,100.0,-13.3,5.7,3.4,0.907,,2.0,11.6,147
Austria,0.893,47.694,14.7471,81.6,11.3,43609,0.957,10.8,11.8,29829,57888,30.3,98.7,99.2,54.7,0.5,0.4,66.0,43.2,21.2,28.0,1.4,1.5,,7,24,,2.9,3.5,46,86,,0.7,,23.8,48.3,8.7,56.8,60.2,4.3,69.7,5.7,10.2,7.7,8.6,,100.0,8,8.5,3.7,0.912,,4.3,17.5,112
Slovenia,0.890,46.1502,14.6159,80.6,12.1,28664,1.003,11.9,12.2,25654,31726,27.7,96.5,98.3,52.2,0.1,0.1,49.7,43.1,22.0,26.7,1.2,1.6,,2,6,,2.1,2.6,,,,0.8,,23.1,25.2,6.6,52.1,57.5,7.7,60.2,9.3,16.7,9.4,15.1,,95.1,9.6,5.8,3.6,0.898,,2.6,11.3,105
Italy,0.887,42.5005,12.687,83.3,10.9,33573,0.963,10.5,11.0,22910,44844,30.1,79.1,83.3,39.3,0.5,0.1,69.0,45.9,21.5,35.1,1.3,1.4,,2,14,,2.9,3.5,,,,0.4,0.4,25.1,37.6,7.0,42.5,48.4,3.5,69.5,12.1,42.1,22.0,18.1,,81.1,-2.2,11.2,3.0,0.945,,9.9,20.8,150
Spain,0.884,39.8819,-3.48933,82.8,9.8,32779,0.974,9.6,10.0,24382,41500,38.0,70.9,76.7,52.3,1.5,-0.2,79.6,43.2,22.4,28.3,1.3,1.3,,1,4,,3.5,4.1,,,,0.5,0.4,24.8,49.5,6.4,45.3,58.4,4.2,76.3,22.4,49.4,17.1,12.5,,68.2,-3,10.1,3.5,0.932,,5.1,21.8,112
Czechia,0.878,49.8004,15.5126,78.8,12.3,28144,0.983,12.1,12.6,20997,35543,19.6,99.8,99.8,51.1,-0.1,0.1,73.0,41.5,22.5,27.0,1.2,1.5,,1,1,2.6,2.8,3.4,53,115,,0.6,,21.5,36.2,6.3,56.4,59.4,2.7,58.9,5.2,13.0,8.1,14.5,,100.0,5.4,5.3,3.5,0.873,,1.4,11.1,196
Greece,0.866,39.0711,21.9685,81.1,10.5,24808,0.957,10.3,10.8,17304,32683,19.7,63.7,71.7,43.9,0.2,-0.4,78.0,43.6,22.8,33.4,1.3,1.3,,1,3,,3.6,4.6,45,101,,1.0,0.3,23.6,61.7,5.0,38.8,51.7,13.0,71.8,24.9,49.2,19.1,29.6,,77.4,3,12.2,3.7,0.905,,11.7,21.1,119
Brunei Darussalam,0.865,4.52153,114.483,79.0,9.0,72843,0.986,9.0,9.1,55402,89256,,67.7,69.6,51.0,1.8,1.5,77.2,30.6,31.9,6.1,2.1,1.9,,1,3,19.7,8.6,10.2,52,85,,3.6,,21.4,14.4,2.5,62.3,63.5,0.6,80.8,1.9,5.7,,,,81.7,-0.5,,4.4,0.868,,,,91
Estonia,0.865,58.5935,25.4947,77.0,12.5,26362,1.032,13.0,12.2,21976,31347,23.8,100.0,100.0,55.4,-0.6,-0.3,67.5,41.7,24.7,28.8,1.4,1.6,,5,7,,2.3,2.9,,,,2.1,,21.3,32.4,5.0,58.2,61.9,3.9,65.5,5.9,11.3,11.7,5.7,,98.0,16.8,8.6,4.8,0.835,,2.3,18.7,140
Andorra,0.858,42.536,1.56174,81.5,10.3,47979,,10.2,10.3,,,39.3,72.0,73.7,,4.3,-3.6,85.1,,,,,,,1,4,,2.1,2.8,,,,0.8,,,40.0,6.3,,,,,,,,,,,4.8,,,,,,,
Cyprus,0.856,34.9113,32.9868,80.3,11.7,29459,0.979,11.6,11.9,23450,35227,12.5,77.0,82.7,57.5,1.8,1.1,66.9,35.9,23.4,18.2,1.6,1.5,,1,14,,2.5,2.7,35,70,,0.4,,22.1,23.3,3.3,53.9,63.9,3.9,79.6,15.6,32.3,17.0,14.2,,85.2,1.8,10.8,4.0,0.891,,12.4,15.9,126
Malta,0.856,35.9046,14.4311,80.7,11.3,29500,0.923,10.9,11.6,17295,41802,12.9,72.7,81.2,38.8,0.5,0.3,95.4,41.5,21.8,29.0,1.5,1.4,,1,2,,5.1,6.4,41,70,,0.3,,22.8,34.9,6.7,49.5,52.3,1.2,77.1,5.4,12.3,11.4,9.4,,60.5,20.5,8.0,4.5,0.892,,6.0,13.6,126
Qatar,0.856,25.3742,51.1384,78.3,9.8,129916,0.991,10.9,9.5,50324,159897,0.0,70.9,67.8,53.6,6.9,4.7,99.2,30.7,18.6,1.4,3.0,2.1,29.3,1,1,,6.8,8.0,47,76,,0.2,,21.0,77.4,1.9,84.4,84.6,1.4,46.8,0.2,0.8,,0.2,,7.9,22.9,,6.1,0.843,,,,50
Poland,0.855,51.9217,19.1588,77.6,11.9,24117,1.006,11.9,12.0,18928,29658,24.8,81.1,86.9,49.1,0.0,0.0,60.5,39.6,21.5,22.3,1.3,1.4,,1,2,,4.5,5.2,,,,1.4,,21.5,22.2,4.5,52.7,56.9,11.2,57.9,7.4,19.9,12.0,17.2,,96.5,21,9.3,5.2,0.840,,5.4,17.4,182
Lithuania,0.848,55.1691,24.1437,73.5,12.7,26006,1.032,12.7,12.7,22147,30530,23.4,91.1,95.6,53.9,-0.8,-1.6,66.5,43.1,21.8,28.3,1.3,1.6,,3,7,,3.3,5.2,92,266,,7.7,,19.2,41.2,4.4,53.5,59.1,9.0,65.8,9.5,17.6,9.9,9.8,,100.0,-12.5,10.2,5.5,0.778,,5.6,19.6,126
Chile,0.847,-35.7308,-71.4921,82.0,9.9,21665,0.966,9.8,10.0,14955,28556,15.8,76.1,76.9,50.7,1.2,1.1,89.5,34.4,29.3,16.0,2.0,1.8,,4,6,1.8,7.0,8.1,44,96,,1.6,0.3,25.2,10.3,3.9,58.4,62.4,9.2,67.1,6.4,16.4,11.8,,4.9,74.5,11.9,17.1,7.6,0.881,7,8.2,35.5,126
Saudi Arabia,0.847,24.2275,44.6658,74.4,9.6,51320,0.882,9.0,10.0,19300,75923,19.9,63.3,72.1,20.1,2.9,2.3,83.1,28.3,41.7,4.2,3.6,2.9,,1,2,9.3,12.5,14.5,80,94,0.0,2.1,,18.5,24.9,3.5,51.6,54.8,4.9,70.9,5.8,31.0,18.4,,,,-6.7,,11.0,0.745,,,,70
Slovakia,0.845,48.6747,19.6436,76.4,12.2,26764,0.991,12.0,12.3,20173,33770,18.7,99.2,99.5,51.4,0.0,0.1,53.6,39.1,21.3,19.5,1.2,1.4,,1,3,,5.8,7.3,,,,0.5,,20.3,33.2,5.8,52.8,59.5,3.5,60.9,11.3,25.2,12.8,12.2,,100.0,12.2,6.0,5.3,0.822,,1.4,11.4,238
Portugal,0.843,39.5477,-8.28768,81.2,8.9,26104,0.980,8.9,8.9,21095,31673,34.8,50.8,52.2,53.6,0.4,-0.4,63.5,44.0,21.6,31.9,1.5,1.3,,1,2,,3.0,3.6,,,,1.2,,23.7,41.0,6.2,51.4,58.5,5.5,69.5,12.1,30.1,12.3,14.5,,100.0,-4.2,10.1,3.9,0.905,3,5.9,20.4,
United Arab Emirates,0.840,24.3526,55.1361,77.1,9.5,66203,0.972,10.6,8.7,27257,80420,22.5,77.4,64.5,41.9,7.7,1.9,85.5,33.3,16.4,1.3,2.4,1.8,34.0,6,6,,5.9,6.8,57,81,,0.3,,19.8,25.3,2.6,77.1,80.1,,,3.7,11.1,,1.0,,,44.7,,5.8,0.828,,,,45
Hungary,0.836,47.1592,19.1229,75.3,12.0,23394,0.988,12.0,12.1,17787,29567,10.1,95.6,97.9,46.4,-0.3,-0.3,71.2,41.3,21.5,26.3,1.3,1.3,,1,1,,5.3,5.9,,,,0.7,,20.1,30.8,4.9,50.2,54.0,4.6,64.5,7.0,18.2,13.6,5.8,,91.4,-0.9,7.6,5.2,0.807,,3.1,14.6,168
Latvia,0.830,56.868,24.3816,74.3,11.7,22589,1.025,12.0,11.6,18824,27031,18.0,99.3,98.8,54.4,-1.3,-1.2,67.4,42.9,22.7,29.5,1.3,1.5,,7,5,,6.9,7.9,94,243,,2.7,0.7,19.8,35.8,3.7,54.4,60.4,7.3,68.6,9.8,14.8,12.0,7.6,,100.0,15.1,10.3,6.7,0.780,,3.8,20.3,112
Argentina,0.827,-37.0825,-63.9689,76.5,9.9,20945,0.982,9.7,10.0,12875,29367,37.1,63.5,61.4,48.4,1.1,1.0,91.8,30.8,39.4,17.1,2.5,2.3,32.7,2,5,8.2,11.1,12.5,75,154,,1.4,0.4,21.4,38.6,2.7,56.9,61.0,0.5,74.7,6.7,19.1,18.6,20.5,5.1,90.7,1.8,15.2,10.0,0.782,4,8.1,27.4,90
Croatia,0.827,44.7467,15.3181,77.5,11.2,20291,0.997,11.2,11.6,16932,23897,15.2,92.0,96.0,46.4,-0.2,-0.4,59.0,42.8,22.5,28.6,1.4,1.5,23.3,2,6,,3.6,4.3,57,134,,1.1,,20.6,30.0,6.4,43.9,52.3,8.7,63.9,16.1,43.8,19.3,10.4,,57.6,-8.7,8.9,4.5,0.845,,4.4,17.7,208
Bahrain,0.824,26.0167,50.5431,76.7,9.4,37236,0.970,9.4,9.4,25717,44303,15.0,61.6,55.6,39.2,5.3,1.8,88.8,30.3,28.2,3.2,2.7,2.1,33.8,1,1,,5.3,6.2,60,75,,0.4,,19.4,9.2,3.2,68.3,69.2,1.1,62.4,1.2,5.4,,2.0,,40.1,48,,6.3,0.818,5,,,60
Montenegro,0.807,42.7094,19.2846,76.4,11.3,15410,0.955,10.7,12.0,11757,19149,17.3,86.9,96.2,42.0,0.1,0.1,64.0,37.6,27.6,20.2,1.9,1.7,16.8,3,12,9.4,4.3,4.7,73,130,,0.6,,19.8,21.1,3.7,40.0,48.9,5.7,73.0,18.2,37.5,,,1.8,52.3,-14.1,8.7,5.2,0.823,13,7.4,13.6,45
Russian Federation,0.804,59.4643,88.3972,70.3,12.0,23286,1.016,12.0,12.1,17868,29531,14.5,94.6,94.7,56.6,-0.4,0.0,74.0,38.7,24.0,19.1,1.3,1.7,,3,2,,8.2,9.6,,,,11.0,,18.4,43.1,3.7,59.8,63.5,6.7,65.8,5.8,15.0,12.0,6.0,3.9,100.0,-3.4,9.6,8.8,0.705,,2.2,17.7,140
Romania,0.802,45.9636,24.2451,74.8,10.8,19428,0.990,10.3,11.0,16272,22786,12.0,86.1,92.2,47.6,-0.7,-0.8,54.6,42.1,23.1,25.8,1.3,1.5,15.8,2,11,12.8,9.7,11.1,79,195,,5.5,,19.8,24.5,4.5,52.0,55.9,25.4,44.5,6.9,23.1,17.0,30.9,,98.0,-3.8,10.8,8.4,0.773,1,4.6,19.5,126
Kuwait,0.800,29.2972,47.4152,74.5,7.3,76075,0.972,7.4,6.9,35164,107991,1.5,56.8,58.1,48.4,3.2,4.8,98.3,31.0,29.5,2.6,2.6,2.2,11.9,3,6,5.8,7.3,8.6,58,98,,0.2,,17.7,27.0,2.6,66.7,69.2,1.2,58.6,3.5,17.3,,2.2,,27.3,74.2,,7.2,0.779,,,,70
Belarus,0.796,53.692,28.0254,71.5,12.0,15629,1.021,11.9,12.1,12327,19433,29.2,87.0,92.2,54.5,-0.6,0.0,76.7,39.6,23.0,20.0,1.3,1.6,19.0,3,1,4.5,3.4,4.6,90,261,,7.7,0.6,18.1,39.3,3.7,57.0,60.8,9.6,57.2,6.1,12.9,,2.1,3.1,93.6,13.6,6.4,5.8,0.746,1,3.7,9.7,126
Oman,0.796,20.8096,56.9593,77.0,8.1,34402,0.927,7.7,8.5,15703,43894,8.2,59.8,57.1,30.0,2.3,8.4,77.6,29.0,26.7,3.4,3.2,2.9,32.8,1,1,14.1,9.9,11.6,70,111,,0.6,,20.6,24.3,3.2,64.8,69.1,5.2,57.9,6.3,19.3,,,,24.7,-2.7,,7.0,0.815,,,,50
Barbados,0.795,13.1959,-59.5638,75.8,10.5,14952,1.006,10.6,10.3,11801,18377,19.6,93.0,90.6,62.4,0.3,0.3,31.5,38.5,29.1,21.3,1.8,1.8,19.7,2,5,7.7,12.0,13.0,75,125,,0.0,1.6,19.5,18.1,4.7,58.2,66.3,2.7,78.4,12.3,30.4,,,,68.3,-6.7,,7.8,0.791,2,5.5,,84
Uruguay,0.795,-32.5362,-55.8114,77.4,8.6,19148,1.017,8.8,8.3,14608,24014,19.2,55.0,51.6,55.4,0.0,0.3,95.3,34.9,33.4,22.5,2.2,2.0,,1,4,10.7,8.7,10.1,77,136,,1.7,0.5,22.0,37.4,6.1,60.6,65.3,9.3,69.1,7.3,20.3,20.5,22.5,5.3,76.5,21.8,15.4,9.5,0.799,8,10.4,26.2,98
Bulgaria,0.794,42.7353,25.1868,74.3,10.8,16261,0.984,10.8,11.2,12979,19736,20.4,93.1,95.5,48.6,-0.8,-0.7,73.9,43.5,21.5,30.4,1.2,1.5,,10,7,8.8,9.3,10.4,,,,2.1,,19.2,38.7,4.6,48.9,54.2,6.9,62.8,9.8,22.2,20.2,8.7,,96.9,-6.4,10.5,7.8,0.771,,5.5,18.2,410
Kazakhstan,0.794,48.029,66.3342,69.6,11.7,22093,1.006,11.7,11.7,16364,28226,20.1,99.7,100.0,66.1,0.7,1.6,53.2,29.3,40.1,10.1,2.0,2.6,31.8,4,1,13.1,12.6,14.1,124,302,,8.6,0.2,17.1,36.2,2.4,67.2,71.2,24.2,56.0,5.6,5.1,,28.6,3.4,95.9,53.6,10.1,11.6,0.674,2,5.9,12.7,126
Bahamas,0.792,26.6505,-78.3334,75.6,10.9,21565,,11.5,10.5,18070,25209,16.7,87.4,87.6,69.4,2.0,1.5,82.9,32.4,29.6,11.7,1.9,1.9,,4,8,,9.9,12.1,120,200,,0.6,3.2,22.3,28.2,3.6,63.5,74.1,3.7,83.0,14.4,28.4,,,,84.2,-32.4,,9.4,0.774,,,,91
Malaysia,0.789,3.98735,102.09,74.9,10.1,24620,,10.0,10.8,17170,32208,13.2,75.4,79.1,49.3,1.9,1.5,74.7,28.5,35.2,8.4,2.5,2.0,29.0,1,6,17.2,6.0,7.0,80,167,1.0,8.0,0.4,19.3,12.0,2.3,61.5,63.3,12.2,60.3,2.9,10.4,1.2,21.1,6.9,19.8,20.2,,6.7,0.788,,,,60
Palau,0.788,7.54442,134.584,72.9,12.3,13771,,,,,,10.3,,,,0.8,0.8,87.1,,,,,,,1,17,,14.2,16.4,,,,1.2,,,13.8,6.5,,,,,,,,,,48.0,57.3,,,,,12.0,23.0,
Panama,0.788,8.42109,-81.4631,77.8,9.9,19470,0.997,10.3,9.5,14550,24365,18.3,70.1,66.1,50.5,1.8,1.6,66.6,28.7,41.7,11.7,2.6,2.5,21.5,4,10,19.1,14.6,17.0,81,153,0.0,5.5,0.7,23.9,16.5,5.9,62.0,65.4,16.7,65.0,5.2,13.7,17.6,29.9,10.4,37.3,-3.6,21.0,11.5,0.786,6,13.6,38.0,98
Antigua and Barb.,0.786,17.0682,-61.783,76.2,9.2,20907,,,,,,25.7,,,,1.2,1.0,23.8,30.9,35.2,10.4,2.3,2.1,,1,2,,5.8,8.1,108,154,,3.8,,21.5,,3.8,,,,,,,,,,69.7,-28.7,,8.4,0.792,,,,91
Seychelles,0.782,-9.39959,46.4392,73.3,9.4,23886,,,,,,43.8,,,,1.8,0.7,53.9,32.6,33.6,9.9,2.2,2.3,,1,1,,11.7,13.6,92,238,,0.0,,19.4,10.7,3.1,,,3.6,78.2,,,20.0,10.4,,100.0,22.6,,9.0,0.746,,,,98
Mauritius,0.781,-20.2912,57.58,74.6,9.1,17948,0.954,8.8,9.5,10540,25539,11.6,57.0,62.0,46.8,0.6,0.4,39.7,35.2,27.2,13.4,1.9,1.5,21.0,3,2,,11.8,13.5,95,194,,1.3,0.9,20.2,10.6,2.4,55.8,60.5,8.0,63.5,7.9,17.5,,17.1,6.1,100.0,45.3,14.3,9.8,0.758,,13.2,19.8,84
Trinidad and Tobago,0.780,10.47,-61.2584,70.5,10.9,28049,1.004,10.8,11.0,21104,35179,31.5,70.6,68.4,52.6,0.5,0.5,8.4,33.8,29.8,13.5,1.8,1.8,12.8,7,4,5.3,18.2,20.4,124,217,,2.0,1.2,18.2,11.8,3.2,60.5,62.9,,,3.8,9.6,52.5,15.6,,98.7,10.5,15.0,16.6,0.648,1,6.6,21.9,98
Costa Rica,0.776,9.61758,-83.6296,79.6,8.7,14006,0.969,8.7,8.7,9955,18052,33.3,54.5,53.8,46.8,1.6,1.1,76.8,31.4,32.4,12.9,2.2,1.9,32.5,9,5,5.6,8.5,9.7,61,114,0.0,0.8,0.3,23.6,11.1,6.8,56.3,61.6,12.7,68.2,8.6,21.1,17.8,20.7,1.7,55.8,124.9,18.2,8.2,0.842,4,12.4,34.1,120
Serbia,0.776,44.2026,20.9973,75.0,10.8,12202,0.969,10.3,11.4,9600,14932,34.0,82.3,91.6,43.4,-0.6,-0.5,55.6,40.6,24.5,25.6,1.7,1.6,12.8,3,14,6.0,5.9,6.7,79,152,,1.4,,19.1,21.1,6.4,41.7,51.5,21.3,52.9,19.0,45.2,19.5,28.6,0.4,46.1,-3.8,11.1,7.9,0.780,10,8.1,17.4,135
Cuba,0.775,21.5277,-77.951,79.6,11.8,7455,0.946,11.5,12.0,5013,9874,48.9,83.9,86.7,42.6,0.3,0.1,77.1,41.2,23.4,20.0,1.6,1.6,33.2,2,1,7.0,4.0,5.5,72,109,,0.3,0.3,23.1,67.2,10.6,53.9,55.6,18.6,64.2,3.0,6.5,,,5.6,,233.5,,5.5,0.866,,10.9,,
Iran,0.774,32.4252,54.0747,75.6,8.8,16395,0.862,8.5,9.1,5132,27499,3.1,66.8,70.2,16.2,1.3,1.3,73.4,29.5,33.1,7.1,2.0,1.7,53.1,1,1,6.8,13.4,15.5,64,105,0.0,3.5,0.1,19.4,8.9,2.8,39.9,44.5,17.9,48.3,10.5,24.1,34.3,40.5,3.7,26.4,28.6,31.5,10.6,0.764,11,37.3,46.6,270
Georgia,0.769,42.287,43.6358,75.0,12.2,8856,0.970,12.3,12.2,6105,11871,11.3,96.1,97.4,57.3,-1.2,-1.2,53.6,37.5,25.2,20.4,1.6,1.8,54.8,1,8,11.3,10.6,11.9,64,171,0.0,6.6,0.4,19.8,42.7,1.6,58.9,67.1,,,12.3,29.8,,59.8,15.2,89.8,42.3,12.2,10.3,0.759,18,2.2,24.1,183
Turkey,0.767,38.9574,35.4809,75.5,7.9,18705,0.908,7.0,8.8,10648,27035,14.9,43.5,64.8,30.4,1.4,1.7,73.4,29.8,38.4,11.3,2.4,2.1,30.1,3,6,9.5,11.6,13.5,73,142,0.0,0.6,,20.8,17.1,4.2,45.1,50.3,19.7,51.9,10.3,16.4,24.8,29.4,4.0,88.1,12.1,15.8,11.5,0.756,6,14.2,21.8,112
Venezuela,0.767,6.39181,-65.4057,74.4,9.4,15129,1.028,9.7,9.0,11579,18709,17.0,72.6,65.0,51.4,1.8,1.4,89.0,27.4,42.8,9.5,2.7,2.4,7.1,12,11,13.4,12.9,14.9,91,195,2.2,1.8,0.5,20.7,19.4,1.5,59.5,64.7,7.4,71.1,8.0,16.7,19.2,30.3,9.2,59.4,-3.1,19.1,11.4,0.741,8,17.6,28.4,182
Sri Lanka,0.766,7.87234,80.6663,75.0,10.9,10789,0.934,10.3,11.4,6067,15869,4.9,80.2,80.6,30.2,0.8,0.5,18.4,32.3,37.2,14.1,2.3,2.1,75.8,1,1,14.7,8.4,9.8,75,201,0.0,6.1,0.1,20.4,6.8,2.0,49.3,51.8,30.4,43.4,4.7,20.2,0.5,43.1,12.2,17.1,34.9,11.5,8.1,0.778,3,12.8,13.7,84
St. Kitts and Nevis,0.765,17.3112,-62.7377,74.0,8.4,22436,,,,,,13.3,,,,1.5,1.2,32.0,,,,,,,1,7,,8.4,10.5,,,,2.7,,,11.7,2.1,,,,,,,,,,44.7,-13.7,,,,,,,91
Albania,0.764,41.1253,20.0097,78.0,9.6,10252,0.959,9.5,9.8,7365,13186,20.7,90.2,90.5,40.3,-0.3,0.0,57.4,34.3,26.9,18.0,1.9,1.8,38.6,1,2,23.1,12.5,14.0,50,85,,0.6,,21.2,11.5,2.9,41.6,50.3,,,17.3,32.7,30.5,58.1,2.0,77.0,24.5,13.4,9.9,0.804,5,11.9,18.3,365
Lebanon,0.763,33.8692,35.9029,79.5,8.6,13312,0.893,8.3,8.7,5844,20712,3.1,53.0,55.4,23.5,4.2,6.0,87.8,28.5,35.4,12.0,2.0,1.7,26.6,16,21,16.5,7.1,8.3,50,71,,1.6,0.1,22.0,32.0,3.0,43.7,47.0,,,7.1,21.6,,27.8,,0.0,32,20.4,7.2,0.850,2,24.1,30.0,70
Mexico,0.762,23.6194,-102.248,77.0,8.6,16383,0.951,8.2,8.6,10710,22115,40.6,56.1,59.0,45.4,1.3,1.4,79.2,27.4,41.9,9.8,2.6,2.3,14.4,10,3,13.6,11.3,13.2,81,143,0.0,1.7,0.2,22.7,21.0,3.3,59.5,62.2,13.4,62.4,4.3,8.8,20.0,,9.0,25.2,10,22.4,13.2,0.761,4,19.7,34.3,84
Azerbaijan,0.759,40.1478,47.7286,70.9,11.2,16413,0.940,10.3,12.0,11029,21845,16.9,93.9,97.5,61.9,1.1,1.4,54.6,30.9,30.3,7.8,2.0,2.3,12.1,4,2,18.0,27.9,31.7,86,178,0.1,0.4,0.2,18.3,34.0,1.2,61.9,65.0,36.8,48.9,4.7,14.3,,56.4,1.7,81.7,11.2,13.0,21.7,0.613,7,8.3,8.9,126
Brazil,0.754,-14.2453,-49.7257,74.7,7.8,14145,1.005,8.1,7.5,10672,17736,10.8,59.1,55.2,56.3,1.4,0.9,85.7,31.3,33.3,11.3,2.3,1.8,38.6,1,3,7.1,14.6,16.4,93,194,0.6,2.6,0.6,21.3,18.9,3.8,62.3,67.1,14.5,76.6,7.2,16.8,19.6,23.1,5.1,86.3,25.5,25.0,14.4,0.721,8,22.6,37.8,120
Grenada,0.754,12.1272,-61.6772,73.6,8.6,11502,,,,,,25.0,,,,0.3,0.4,35.6,27.2,39.9,10.8,2.4,2.2,39.0,3,6,,10.8,11.8,98,186,,0.4,,18.8,6.6,2.8,,,,,,,,,,34.0,-3.6,,8.7,0.752,,,,90
Bosnia and Herz.,0.750,43.9243,17.5443,76.6,9.0,10091,0.923,7.8,10.6,6950,13261,19.3,69.5,87.5,34.4,0.2,-0.1,39.8,41.5,19.0,21.7,1.2,1.3,18.5,8,11,8.9,5.1,5.4,66,130,,3.8,,20.2,19.3,6.8,32.2,46.1,,,30.3,66.9,,25.3,1.5,29.6,11.5,13.1,6.7,0.813,5,12.5,20.2,365
Macedonia,0.748,41.6057,21.734,75.5,9.4,12405,0.947,8.9,9.8,9050,15790,33.3,40.2,55.6,43.9,0.3,0.2,57.1,37.5,24.0,17.4,1.6,1.5,23.0,2,7,4.9,4.8,5.5,71,134,,2.3,,19.1,26.3,4.1,40.9,55.9,18.0,51.4,26.9,49.4,25.1,22.8,3.0,52.2,2.9,16.1,7.6,0.789,13,10.6,30.1,270
Algeria,0.745,28.0672,0.587023,75.0,7.8,13533,0.854,6.6,8.5,4022,22926,25.7,34.1,35.7,16.8,1.3,1.9,70.7,27.6,43.6,9.1,2.4,2.9,25.7,1,5,11.7,21.9,25.5,84,135,0.0,11.0,0.1,21.6,12.1,5.2,39.1,43.7,10.8,58.4,10.5,28.6,22.8,26.9,,63.6,27.8,,18.6,0.689,5,,,98
Armenia,0.743,40.0768,44.8402,74.9,11.3,8189,0.993,11.3,11.3,5535,11258,10.7,98.5,98.1,54.9,-0.4,0.4,62.7,34.6,26.0,15.3,1.7,1.6,34.6,3,3,20.8,12.6,14.1,70,170,,4.7,0.2,19.6,27.0,1.9,53.0,63.3,36.3,46.7,16.3,37.2,40.9,42.4,13.6,80.0,-11.7,9.2,10.1,0.759,4,3.7,13.9,140
Ukraine,0.743,48.792,31.0623,71.1,11.3,7361,1.000,11.3,11.3,5791,9181,12.1,94.3,96.0,52.2,-0.8,-0.4,69.7,40.3,21.4,21.9,1.1,1.5,19.7,10,21,3.7,7.7,9.0,111,292,,13.0,0.9,18.1,35.4,3.6,53.2,59.1,14.8,59.1,9.9,23.1,20.0,18.1,1.9,95.0,23,7.2,8.7,0.718,2,3.6,9.2,126
Jordan,0.741,31.3293,36.2789,74.2,10.1,10111,0.864,9.7,10.7,3203,16694,11.6,78.5,82.7,14.2,2.2,3.1,83.7,22.5,58.5,6.2,3.9,3.5,22.7,2,2,7.8,15.4,17.9,94,128,,0.3,,19.0,25.6,5.2,34.8,40.0,1.8,79.6,12.8,33.4,24.6,9.7,12.7,42.2,74.9,16.4,11.9,0.734,2,16.9,20.5,70
Peru,0.740,-9.18663,-75.7662,74.8,9.0,11295,0.959,8.4,9.5,8939,13655,22.3,56.2,67.0,65.7,1.3,1.3,78.6,27.5,42.7,10.5,2.8,2.5,68.4,2,11,14.6,13.1,16.9,96,154,0.7,7.2,0.3,21.3,11.3,3.3,71.5,74.1,,75.9,3.5,9.3,15.3,46.3,12.1,33.2,10.4,21.3,14.2,0.724,34,20.3,29.5,90
Thailand,0.740,13.0205,101.697,74.6,7.9,14519,1.001,7.7,8.2,12938,16145,6.1,40.9,45.8,62.9,1.0,0.4,50.4,38.0,24.7,14.6,1.6,1.5,12.3,1,1,16.3,10.5,12.3,105,207,0.9,11.0,1.1,21.4,3.9,5.6,70.6,71.4,41.9,37.5,1.1,4.7,13.8,55.9,1.5,81.7,16.5,20.2,10.4,0.753,8,16.1,34.0,90
Ecuador,0.739,-1.83318,-78.2942,76.1,8.3,10536,0.976,8.2,8.4,8278,12795,41.6,48.2,49.4,49.0,1.7,1.6,63.7,26.6,45.1,10.4,2.9,2.6,40.0,16,15,25.2,18.4,21.6,87,164,0.0,2.9,0.3,22.9,17.2,4.5,61.4,64.2,25.3,54.3,4.3,10.9,3.8,39.0,11.2,53.0,-19.4,20.2,15.1,0.733,3,15.5,30.1,84
China,0.738,36.9026,98.5938,76.0,7.6,13345,0.954,7.2,7.9,10705,15830,23.6,69.8,79.4,63.6,0.6,0.5,55.6,37.0,23.5,13.0,1.5,1.6,27.6,1,1,9.4,9.2,10.7,72,98,0.0,2.8,,19.4,19.4,3.1,67.6,70.9,2.5,47.0,4.6,12.1,,,14.8,74.4,47.5,,8.9,0.784,,,29.5,128
Fiji,0.736,-17.803,177.983,70.2,10.5,8245,,10.9,10.2,4695,11676,16.0,73.9,66.5,37.0,0.3,0.7,53.7,27.6,43.9,8.9,3.0,2.6,39.8,1,6,7.5,19.1,22.4,139,236,,4.7,,17.0,4.3,3.0,50.2,54.3,,,7.7,18.2,,38.8,13.2,10.6,33.4,15.1,12.3,0.677,,10.5,22.6,84
Mongolia,0.735,46.858,105.408,69.8,9.8,10449,1.026,10.0,9.5,8809,12122,14.5,89.7,85.8,56.5,1.0,1.7,72.0,27.3,41.7,6.0,2.1,2.7,47.1,1,2,10.8,19.0,22.4,132,300,,2.2,0.1,18.0,28.4,2.6,58.1,62.5,35.0,46.8,7.1,14.7,1.5,51.4,6.8,100.0,13.4,13.0,17.1,0.635,15,9.4,12.3,120
Saint Lucia,0.735,13.9336,-60.9708,75.2,9.3,9791,0.986,9.4,9.3,8033,11617,20.7,48.2,42.0,63.1,1.1,0.8,18.5,31.2,34.1,13.3,2.1,1.9,,1,1,2.5,12.7,14.3,110,168,,2.4,,21.1,1.1,3.6,55.6,69.6,,,20.1,47.2,,,,26.5,-9.1,15.6,10.1,0.763,4,9.2,27.4,91
Jamaica,0.730,18.1345,-77.1838,75.8,9.6,8350,0.975,9.7,9.6,6628,10086,16.7,67.1,59.4,57.7,0.6,0.4,54.8,29.1,35.0,13.6,2.5,2.1,23.8,3,8,5.7,13.5,15.7,101,166,,0.3,1.6,22.2,4.1,2.8,56.0,64.8,18.2,66.5,13.7,32.7,28.8,37.5,7.8,55.5,-3.9,15.9,11.9,0.757,3,5.6,30.1,56
Colombia,0.727,4.1406,-72.5966,74.2,7.6,12762,1.004,7.6,7.5,10215,15389,20.9,50.3,59.6,57.9,1.4,1.0,76.4,30.0,35.4,10.2,2.3,1.9,42.8,9,9,12.7,13.6,15.9,90,192,0.9,1.5,0.5,21.4,14.7,5.4,61.7,68.6,16.3,64.1,10.0,20.5,22.0,47.9,9.2,23.0,20.9,23.7,14.4,0.714,10,17.4,39.4,98
Dominica,0.726,15.4437,-61.3475,77.9,7.9,10096,,,,,,21.9,,,,0.2,0.4,69.5,,,,,,,1,6,,19.6,21.2,,,,2.7,,,15.9,3.8,,,,,,,,,,38.5,-28.3,,,,,,,84
Suriname,0.725,3.93617,-56.1276,71.3,8.3,16018,0.972,8.2,8.5,10501,21512,25.5,57.7,56.8,40.5,0.5,0.9,66.0,29.0,40.4,10.4,2.7,2.4,2.8,9,15,8.8,19.0,21.3,121,222,1.2,2.1,1.1,18.5,9.1,2.9,50.2,54.5,3.2,72.9,7.8,18.6,,12.9,,,82,23.3,13.6,0.682,4,19.0,37.3,0
Tunisia,0.725,33.7716,8.881,75.0,7.1,10249,0.904,6.7,7.8,4662,15967,31.3,37.5,49.9,25.1,0.8,1.1,66.8,31.2,33.8,11.0,2.0,2.2,8.5,2,2,10.1,12.1,14.0,73,126,,2.0,0.1,19.5,12.2,4.0,40.6,47.7,14.8,51.5,14.8,34.5,25.4,21.6,4.6,68.8,24.3,21.9,12.2,0.743,2,34.6,18.9,30
Dominican Rep.,0.722,18.789,-70.1349,73.7,7.7,12756,0.990,7.9,7.5,9281,16256,19.1,57.2,55.5,52.3,1.5,1.2,79.0,26.1,47.3,10.5,2.8,2.5,4.7,9,12,7.1,25.7,30.9,121,205,0.1,3.9,1.0,21.7,14.9,2.9,55.9,65.3,14.5,41.9,14.4,29.8,21.3,41.7,7.8,11.1,-7,21.6,16.8,0.687,13,19.9,28.1,84
St. Vin. and Gren.,0.722,13.253,-61.2026,73.0,8.6,10372,,,,7600,13095,13.0,,,56.3,0.2,0.0,50.6,29.8,36.0,10.8,2.2,2.0,,1,1,,16.6,18.3,130,182,,1.0,,19.9,5.3,4.4,53.5,66.8,,,20.0,39.6,,8.0,,76.6,-14,,12.7,0.712,,,,91
Tonga,0.721,-21.1634,-175.283,73.0,11.1,5284,0.969,11.0,11.1,3959,6602,0.0,91.2,91.1,52.8,0.6,0.4,23.7,21.3,64.1,10.2,4.2,3.8,52.2,14,33,8.1,14.4,16.7,102,167,,2.1,,18.6,5.6,4.3,60.0,63.2,,,5.2,11.7,,,,1.0,25.8,,13.6,0.704,,,,0
Libya,0.716,26.3341,17.2306,71.8,7.3,14303,0.950,7.7,7.0,7163,21364,16.0,65.7,44.2,27.8,1.7,0.0,78.6,27.5,45.5,6.9,2.8,2.5,,4,7,21.0,11.4,13.4,99,173,,9.7,,18.2,19.0,3.7,42.2,53.2,,,20.6,50.0,,,,43.3,-13,,15.8,0.671,,,,98
Belize,0.706,17.2495,-88.7223,70.1,10.5,7375,0.967,10.5,10.5,5360,9402,13.3,77.9,77.4,56.3,2.7,2.2,44.0,23.5,50.9,5.9,3.4,2.6,14.7,4,5,19.3,14.2,16.5,132,224,0.0,1.8,1.5,17.0,8.3,3.9,61.6,69.8,,,11.8,22.0,27.9,23.5,,64.6,-22.3,21.8,11.6,0.681,3,15.9,37.9,98
Samoa,0.704,-13.6364,-172.427,73.7,10.3,5372,,,,3444,7182,6.1,77.8,70.4,23.1,0.6,0.8,19.1,21.2,64.9,9.1,4.4,4.2,51.3,1,9,,15.0,17.5,93,159,,3.4,,18.9,4.8,6.5,38.7,41.1,5.4,79.9,5.8,14.1,38.2,30.9,,49.5,21,,13.3,0.716,,,,28
Maldives,0.701,4.19929,73.5296,77.0,6.2,10383,0.937,6.2,6.3,7155,13591,5.9,34.3,30.9,57.3,1.7,1.8,45.5,26.4,40.5,6.9,2.6,2.2,47.8,1,1,20.3,7.4,8.6,59,83,,2.3,,19.5,14.2,10.8,59.9,68.0,14.6,67.0,11.8,27.9,56.4,18.8,13.0,99.7,36.2,23.4,7.1,0.814,,40.0,23.2,60
Uzbekistan,0.701,41.3702,63.3913,69.4,12.0,5748,0.946,11.8,12.3,3891,7668,16.4,99.9,99.9,48.3,1.1,1.5,36.4,26.3,42.7,7.0,2.5,2.5,26.4,1,1,19.6,33.9,39.1,133,238,,9.1,0.2,18.3,25.3,3.1,55.6,61.8,,,10.1,19.8,,,,98.1,-2.8,15.3,24.3,0.575,,1.4,20.1,126
Moldova,0.699,46.9989,28.8185,71.7,11.9,5026,1.010,12.0,11.8,4461,5637,21.8,95.2,97.3,38.8,-0.2,-0.1,45.0,35.6,21.2,13.4,1.2,1.3,36.4,6,10,6.4,13.6,15.8,101,244,,7.8,0.6,17.3,29.8,5.3,39.9,42.0,28.8,53.5,5.0,15.6,28.6,32.0,1.2,72.8,51.3,10.1,9.0,0.724,16,7.3,14.0,126
Botswana,0.698,-22.3453,24.4714,64.5,9.2,14663,0.984,9.2,9.5,13278,16050,9.5,85.1,86.7,73.4,1.4,2.0,57.4,24.2,49.7,5.6,3.2,2.9,20.3,2,3,31.4,34.8,43.6,262,346,0.4,28.0,22.2,17.1,3.4,3.2,63.0,77.4,26.4,56.1,18.6,29.4,,12.9,26.3,100.0,40.8,36.2,20.9,0.542,9,32.1,55.5,84
Gabon,0.697,-0.815422,11.7334,64.9,8.1,19044,0.923,7.3,9.0,15838,22177,16.0,62.3,45.9,39.9,2.2,2.2,87.2,21.4,64.3,8.8,4.4,4.0,6.0,23,39,17.5,36.1,50.8,246,245,67.4,55.0,3.8,18.3,2.9,2.4,38.8,48.8,,,20.5,36.3,,31.3,17.7,38.8,63.3,23.8,27.6,0.501,13,23.5,20.4,98
Paraguay,0.693,-23.438,-58.4732,73.0,8.1,8182,0.966,8.1,8.2,6138,10165,16.8,46.2,47.0,58.1,1.8,1.3,59.7,24.9,47.2,9.4,3.2,2.6,24.4,2,10,10.9,17.5,20.5,126,166,0.0,2.9,0.4,21.0,12.3,4.5,68.0,71.5,22.8,58.2,4.9,12.3,12.3,38.1,6.0,22.2,15,23.5,18.3,0.666,28,14.0,38.3,63
Egypt,0.691,26.7423,29.463,71.3,7.1,10064,0.884,6.4,7.9,4750,15267,2.2,54.5,68.2,22.8,1.8,2.2,43.1,24.7,53.8,8.5,3.2,3.4,39.7,4,7,22.3,20.3,24.0,113,189,,0.3,0.1,17.3,28.3,2.2,43.5,49.4,28.0,47.9,12.1,35.5,27.9,26.4,48.2,32.7,22.6,28.2,13.4,0.684,7,35.0,36.3,90
Turkmenistan,0.691,38.9602,59.0241,65.7,9.9,14026,,,,9359,18856,25.8,,,47.3,1.1,1.3,50.0,26.4,41.7,6.1,2.8,2.3,10.9,1,1,18.9,43.7,51.4,153,297,,3.4,,17.0,23.9,1.3,55.8,62.0,,,10.0,19.5,,,,,130.1,,26.0,0.521,,,,
Indonesia,0.689,0.0831973,113.339,69.1,7.9,10053,0.926,7.4,8.5,6668,13391,17.1,42.9,51.7,50.9,1.3,1.3,53.7,28.4,41.2,7.7,2.5,2.5,41.5,6,23,36.4,22.8,27.2,147,205,9.8,41.0,0.5,16.5,2.0,1.1,63.4,67.4,34.3,44.8,5.8,19.3,24.1,33.0,38.7,8.1,50.8,18.2,16.5,0.630,7,20.8,17.3,90
"Palestine, State of",0.684,31.9406,35.2625,73.1,8.9,5256,0.867,8.6,9.3,1766,8651,,56.3,61.2,17.8,2.1,2.8,75.3,19.3,70.8,5.2,5.0,4.3,38.6,1,1,7.4,18.0,21.1,98,143,,0.2,,18.5,8.4,,32.4,43.7,10.5,61.1,25.9,39.8,31.0,25.6,2.6,8.0,19.6,15.1,13.7,0.705,6,16.5,15.0,70
Viet Nam,0.683,15.9694,107.853,75.9,8.0,5335,1.010,7.9,8.2,4834,5846,24.3,64.0,76.7,73.8,1.0,1.1,33.6,30.4,32.9,9.6,1.9,2.0,24.3,5,3,19.4,17.3,21.7,68,186,0.2,18.0,0.5,22.4,11.9,3.8,76.7,78.3,46.8,32.0,2.1,5.3,9.3,62.6,14.6,34.5,4.3,17.8,14.2,0.738,16,17.6,21.4,180
Philippines,0.682,7.7046,125.217,68.3,9.3,8395,1.001,9.5,9.2,6845,9917,27.1,72.8,70.3,50.5,2.0,1.6,44.4,24.2,50.3,7.2,3.7,3.0,34.0,14,12,30.3,22.2,28.0,144,272,0.1,10.0,0.1,16.8,11.5,1.6,60.4,64.7,30.4,53.6,6.7,15.7,24.8,38.4,32.0,28.5,32.7,18.2,16.2,0.623,11,11.6,26.8,60
El Salvador,0.680,13.8041,-88.9113,73.3,6.5,7732,0.958,6.2,6.9,5386,10385,32.1,39.4,44.8,49.1,0.5,0.3,66.7,26.7,41.7,12.6,2.6,2.0,47.0,4,6,14.0,14.4,16.8,105,265,0.0,1.9,0.5,21.5,16.0,4.5,58.7,62.8,19.6,60.1,6.4,13.0,5.7,37.6,9.4,18.1,17.3,22.0,13.7,0.707,19,26.6,25.7,84
Bolivia,0.674,-16.2881,-64.2815,68.7,8.2,6155,0.934,7.6,8.8,4695,7610,51.8,49.6,58.7,63.9,1.8,1.6,68.5,24.1,53.1,10.6,3.8,3.0,64.3,2,5,18.1,30.6,38.4,156,219,0.1,3.1,0.3,21.1,4.7,4.6,70.5,73.1,,,3.6,7.1,,54.3,12.7,100.0,30.4,28.7,29.0,0.532,26,20.8,36.4,90
South Africa,0.666,-28.4746,26.1195,57.7,10.3,12087,0.962,10.2,10.5,8795,15489,41.2,73.7,76.2,46.2,1.5,1.1,64.8,25.7,44.5,7.7,2.8,2.4,8.3,27,30,23.9,33.6,40.5,419,464,2.2,44.0,19.2,16.1,7.8,4.2,39.7,53.0,4.6,71.9,25.1,50.0,31.3,9.3,16.6,92.6,62.7,32.0,25.7,0.430,,13.8,56.4,120
Kyrgyzstan,0.664,41.2247,75.0714,70.8,10.8,3097,0.967,10.9,10.7,2123,4090,19.2,100.0,99.9,49.4,0.6,1.7,35.7,25.1,48.8,6.6,2.5,3.1,41.1,4,4,12.9,19.0,21.3,111,251,0.0,11.0,0.2,17.7,19.7,3.6,57.7,62.9,31.7,48.1,8.2,14.6,21.2,41.6,15.4,100.0,34.3,12.1,13.6,0.675,26,5.0,17.7,126
Iraq,0.649,33.2143,42.4933,69.6,6.6,11608,0.804,5.4,7.8,3552,19467,26.5,35.8,55.5,15.1,2.7,3.3,69.5,19.3,73.2,5.5,4.7,4.6,19.6,23,43,22.6,26.5,32.0,132,198,,2.2,,17.5,6.1,3.3,35.3,42.4,,,16.9,35.1,,,29.7,56.0,24.9,22.0,19.3,0.616,5,30.6,16.1,72
Cabo Verde,0.648,17.054,-25.1887,73.5,4.8,6049,,,,4030,8123,20.8,,,53.2,1.6,1.2,65.5,24.5,45.1,7.0,3.2,2.4,59.6,1,7,,20.7,24.5,97,137,0.0,5.3,1.0,18.6,3.1,3.6,60.9,68.3,,,10.8,17.5,,,48.7,55.7,66.7,19.9,13.4,0.713,6,18.2,28.0,60
Morocco,0.647,28.6794,-9.90882,74.3,5.0,7195,0.826,3.8,6.4,3388,11091,15.7,25.7,33.2,25.3,1.0,1.4,60.2,28.0,40.9,9.3,2.5,2.6,27.8,1,1,14.9,23.7,27.6,87,106,,7.9,0.1,19.1,6.2,2.0,44.5,49.2,39.2,39.4,9.6,19.3,,50.7,13.1,39.8,25.5,28.3,16.0,0.702,8,45.8,23.0,98
Nicaragua,0.645,12.8448,-85.559,75.2,6.5,4747,0.961,6.8,6.4,3150,6389,41.3,45.7,44.1,49.1,1.4,1.2,58.8,25.2,46.3,7.8,2.8,2.3,31.7,1,1,23.0,18.8,22.1,106,194,0.1,3.4,0.3,22.3,9.0,5.1,60.4,64.2,32.2,51.3,6.0,9.7,,47.1,20.2,23.7,70.6,25.4,14.6,0.725,15,29.5,32.1,84
Guatemala,0.640,15.7761,-90.2899,72.1,6.3,7063,0.959,6.3,6.3,5132,9081,13.9,37.4,36.2,41.3,2.4,2.1,51.6,21.2,62.6,8.3,4.2,3.3,53.2,11,33,46.5,24.3,29.1,129,236,0.0,1.6,0.6,21.3,9.3,2.3,59.8,61.5,32.7,50.2,2.7,6.2,29.8,44.5,14.4,14.1,-11.5,29.1,17.0,0.665,26,36.2,34.1,84
Namibia,0.640,-22.9623,17.2315,65.1,6.7,9770,0.986,6.9,6.5,7971,11667,37.7,38.1,39.0,55.7,1.3,2.3,46.7,21.2,61.4,5.9,3.8,3.6,48.5,8,17,23.1,32.8,45.4,249,325,0.1,63.0,13.3,17.3,3.7,5.4,44.2,59.3,31.4,54.2,25.5,49.6,32.0,7.8,31.2,98.4,14.1,33.4,21.7,0.543,,25.0,53.6,84
Guyana,0.638,4.87628,-58.9469,66.5,8.4,6884,0.943,8.5,8.4,4346,9397,30.4,68.1,53.2,41.8,0.0,0.4,28.6,24.7,43.5,7.6,2.9,2.6,23.3,2,1,12.0,32.0,39.4,173,250,23.6,21.0,1.5,16.0,2.1,3.1,52.9,59.5,,,11.2,25.1,,,,100.0,-5.8,18.5,20.7,0.567,18,10.5,24.4,91
Micronesia,0.638,6.87965,158.248,69.3,9.7,3291,,,,,,0.0,,,,-0.2,0.2,22.4,21.5,55.3,7.1,4.1,3.3,60.0,2,9,,28.6,34.7,150,178,,16.0,,17.3,1.8,12.4,,,,,,,,,,,-100,,19.8,0.608,,,,
Tajikistan,0.627,38.8591,70.9305,69.6,10.4,2601,0.930,9.6,11.2,2100,3088,14.7,98.1,88.2,59.4,1.9,2.2,26.8,22.5,56.0,4.8,3.7,3.6,34.3,2,2,26.8,38.5,44.8,118,207,0.0,3.3,0.3,18.3,19.2,2.0,61.0,68.5,,,10.9,16.8,,47.1,21.6,80.2,26.6,14.9,23.2,0.586,10,6.5,15.0,140
Honduras,0.625,14.516,-87.2233,73.3,6.2,4466,0.942,6.2,6.1,2680,6254,25.8,33.4,31.1,47.2,1.9,1.5,54.7,23.4,50.1,7.7,3.6,2.5,31.2,14,12,22.7,17.4,20.4,122,174,0.1,1.0,0.4,22.1,3.7,4.4,63.1,65.6,35.8,45.4,3.9,7.1,41.4,53.3,28.2,8.4,-23.4,28.5,19.6,0.660,15,24.4,41.5,84
India,0.624,21.7849,80.2257,68.3,6.3,5663,0.819,4.8,8.2,2184,8897,12.2,35.3,61.4,26.8,1.7,1.3,32.7,26.6,43.9,8.6,3.1,2.5,46.4,10,17,38.7,37.9,47.7,145,217,4.1,17.0,,17.7,7.0,1.4,51.9,53.7,49.7,28.7,3.5,9.7,27.2,80.8,52.9,24.1,26.4,26.5,24.0,0.565,12,39.4,16.1,84
Bhutan,0.607,27.5115,90.3029,69.9,3.1,7081,0.900,2.1,4.2,5657,8308,8.3,5.8,13.4,58.7,2.9,1.5,38.6,26.7,39.5,7.4,3.1,2.1,51.4,1,3,33.6,27.2,32.9,216,210,0.0,9.5,,20.2,2.6,2.6,64.7,66.4,56.3,32.7,2.6,9.2,,53.1,10.9,3.2,58.4,28.4,20.7,0.608,3,44.8,19.6,56
Timor-Leste,0.605,-8.87347,125.767,68.5,4.4,5371,0.858,3.6,5.3,3124,7549,38.5,,,26.8,3.1,2.3,32.8,18.5,81.5,10.7,7.0,5.9,62.3,19,26,50.2,44.7,52.6,128,174,16.2,94.0,,16.9,0.7,1.3,39.3,41.3,50.6,39.8,5.0,15.7,,69.6,77.7,100.0,167.9,29.9,24.4,0.564,4,47.6,17.8,84
Vanuatu,0.597,-17.6702,168.353,72.1,6.8,2805,,,,2139,3453,0.0,,,61.6,2.5,2.3,26.1,22.2,61.6,7.1,4.1,3.4,72.6,25,47,28.5,23.1,27.5,108,156,3.7,7.9,,18.0,1.2,4.5,68.0,71.0,,,4.3,8.8,,70.0,,3.5,-7.9,17.1,15.4,0.678,15,17.5,18.5,84
Congo,0.592,-0.654843,16.0675,62.9,6.3,5503,0.932,5.5,6.7,4731,6274,11.5,45.0,50.0,67.1,2.4,2.6,65.4,18.7,79.4,6.8,5.1,5.0,32.9,5,20,21.2,33.2,45.0,247,286,103.8,46.0,,17.9,1.0,4.2,64.8,69.8,,,7.2,12.2,,75.1,46.3,22.1,23.5,24.6,31.1,0.455,23,21.5,21.2,105
Equatorial Guinea,0.592,1.62224,10.4794,57.9,5.5,21517,,4.0,7.3,17462,25375,19.7,,,71.3,3.3,3.0,39.9,20.5,67.9,5.0,5.6,5.0,7.4,35,56,26.2,68.2,94.1,286,326,69.3,6.6,4.9,16.8,3.0,2.9,74.3,82.0,,,9.4,15.3,,,20.4,,16.3,,38.4,0.359,28,,,84
Kiribati,0.588,1.87138,-157.38,66.2,7.8,2475,,,,,,8.7,,,,1.8,1.8,44.3,22.4,57.0,6.0,4.0,3.8,69.0,17,9,,43.6,55.9,159,240,,49.0,,16.8,3.8,8.3,,,22.1,61.8,,,,53.3,,,258.3,32.0,26.1,0.526,,21.4,48.4,84
Lao People's Democratic Republic,0.586,18.2055,104.684,66.6,5.2,5049,0.924,4.5,5.6,4408,5696,25.0,30.4,42.8,77.7,1.5,1.7,38.6,21.9,56.6,6.2,3.9,3.1,40.4,6,13,43.8,50.7,66.7,176,217,9.5,55.0,,16.6,1.8,0.9,76.1,77.4,71.3,20.2,1.6,4.0,,83.9,84.1,5.6,-15.2,26.9,26.2,0.529,10,34.1,20.3,105
Bangladesh,0.579,23.6884,89.8548,72.0,5.2,3341,0.927,5.0,5.6,2379,4285,20.0,42.0,44.3,43.1,1.7,1.2,34.3,25.6,44.9,7.6,2.9,2.2,55.3,3,11,36.1,30.7,37.6,107,152,13.9,51.0,0.1,18.7,3.6,0.8,59.4,62.2,47.5,35.3,4.4,11.6,40.3,57.8,86.1,39.5,85.5,28.6,20.1,0.639,4,37.3,28.3,112
Ghana,0.579,7.97652,-1.06834,61.5,6.9,3839,0.899,5.8,7.9,3200,4484,10.9,51.8,68.5,75.5,2.6,2.4,54.0,20.6,67.2,5.9,4.6,4.2,52.3,1,8,18.8,42.8,61.6,231,270,67.0,36.0,1.6,15.6,1.0,2.1,72.1,77.0,44.7,40.9,6.3,12.2,,76.8,44.1,7.6,80.5,32.5,30.8,0.442,22,34.9,31.7,84
Zambia,0.579,-13.1255,25.4152,60.8,6.9,3464,0.924,6.4,7.4,2803,4126,12.7,52.3,48.9,69.8,2.6,3.1,40.9,16.9,89.7,5.7,6.1,5.5,72.5,4,15,40.0,43.3,64.0,270,331,79.2,32.0,12.9,17.7,1.7,2.8,67.3,75.3,52.2,38.3,10.7,19.7,28.3,79.0,78.4,7.7,80.7,34.7,33.8,0.416,41,21.7,48.6,84
São Tomé and Principe,0.574,0.220364,6.60159,66.6,5.3,3070,0.907,4.7,5.9,2000,4149,18.2,30.8,44.8,45.3,2.2,2.2,65.1,18.5,78.5,5.7,5.1,4.7,73.8,2,8,17.2,34.6,47.3,165,219,42.5,7.3,,18.2,4.9,3.6,52.1,60.5,26.1,46.9,14.0,21.8,,,,41.8,12.9,24.7,26.9,0.524,26,21.4,25.8,90
Cambodia,0.563,12.5395,105.11,68.8,4.7,3095,0.892,3.7,5.5,2650,3563,19.0,13.2,26.1,75.5,1.8,1.6,20.7,23.9,49.2,6.4,3.4,2.7,65.2,1,6,32.4,24.6,28.7,145,210,3.7,58.0,0.6,17.1,1.7,1.3,80.5,80.9,54.1,29.6,0.5,0.8,7.8,64.1,71.8,5.0,134.4,22.4,19.7,0.603,19,27.3,20.3,90
Nepal,0.558,28.3766,83.1031,70.0,4.1,2337,0.925,3.2,5.0,1979,2718,29.5,24.1,41.2,79.7,1.4,1.2,18.6,23.1,52.9,9.0,3.6,2.3,56.9,6,12,37.4,29.4,35.8,139,177,0.2,17.0,0.2,17.3,2.1,2.3,80.5,83.0,66.5,22.4,3.1,5.1,9.2,,43.9,62.5,182.5,25.8,19.6,0.618,37,43.9,13.9,52
Myanmar,0.556,19.2523,95.9132,66.1,4.7,4943,,4.9,4.9,4182,5740,13.0,27.1,20.0,75.1,0.9,0.8,34.1,27.9,41.1,8.0,2.9,2.3,23.6,10,14,35.1,39.5,50.0,173,229,11.3,53.0,0.8,16.7,6.1,1.0,74.3,78.0,,,4.7,12.1,,,82.6,,6603.2,,26.0,0.525,,19.4,,98
Kenya,0.555,0.207844,37.4713,62.2,6.3,2881,0.919,5.7,7.0,2357,3405,20.8,27.8,34.1,62.1,2.6,2.7,25.6,18.9,75.8,5.1,5.0,4.4,61.4,12,21,26.0,35.5,49.4,251,296,49.6,21.0,5.9,17.8,2.0,3.5,60.9,67.1,,,9.2,17.6,,,,7.9,32.2,29.4,32.1,0.440,26,22.9,33.1,90
Pakistan,0.550,30.3838,70.0966,66.4,5.1,5031,0.742,3.7,6.5,1498,8376,20.0,26.5,46.1,24.3,2.1,2.1,38.8,22.5,57.9,7.4,4.2,3.7,37.7,21,37,45.0,65.8,81.1,143,179,1.8,26.0,0.1,17.8,8.3,0.9,51.0,53.9,43.5,34.0,5.4,10.7,,63.1,37.1,2.3,16.8,29.6,32.8,0.479,,44.4,11.6,84
Swaziland,0.541,-26.5413,31.448,48.9,6.8,7522,0.853,6.4,7.2,5078,10020,14.7,27.3,30.5,40.0,0.8,1.5,21.3,20.5,63.2,6.1,4.0,3.4,63.8,1,14,25.5,44.5,60.7,612,576,1.2,51.0,28.8,16.3,1.7,7.0,38.6,51.8,,,25.6,53.0,,,22.9,86.0,20.3,33.1,35.0,0.289,7,26.8,37.6,14
Syrian Arab Republic,0.536,34.8587,38.5506,69.7,5.1,2441,0.851,4.6,5.6,835,4007,12.4,34.8,43.4,12.2,2.1,-2.3,57.7,20.8,63.1,6.9,3.7,3.0,42.6,35,46,27.5,11.1,12.9,86,283,,0.1,,18.7,14.6,1.5,36.5,41.7,13.2,55.3,12.3,28.5,,32.9,34.8,16.7,15,21.4,14.5,0.653,4,31.5,18.3,120
Angola,0.533,-11.9645,18.852,52.7,5.0,6291,,,,5073,7527,36.8,,,59.9,3.5,3.3,44.1,16.1,95.2,4.6,6.8,6.2,,1,15,29.2,96.0,156.9,321,369,100.9,52.0,2.2,15.7,1.7,2.1,63.2,68.4,,,7.6,12.0,,,49.9,14.5,26.5,36.6,46.2,0.271,24,34.6,28.9,90
Tanzania,0.531,-6.39271,34.2394,65.5,5.8,2467,0.937,5.4,6.2,2359,2576,36.0,10.1,15.3,74.0,2.8,3.2,31.6,17.3,87.6,6.2,5.7,5.2,41.1,1,1,34.7,35.2,48.7,243,281,50.5,58.0,4.7,18.5,0.3,2.6,76.0,78.6,66.9,26.6,3.2,6.3,31.8,74.0,72.6,3.2,62.6,25.4,25.0,0.525,29,28.5,22.7,84
Nigeria,0.527,9.06941,7.91932,53.1,6.0,5443,0.847,4.9,7.1,4132,6706,5.8,,,48.4,2.6,2.7,47.8,17.9,82.6,5.1,6.1,5.7,17.4,25,49,32.9,69.4,108.8,346,379,106.6,97.0,3.1,13.7,4.0,0.9,53.1,56.3,,,5.8,8.6,,,72.3,,50.4,37.5,40.8,0.301,25,43.3,28.4,84
Cameroon,0.518,7.34544,13.5804,56.0,6.1,2894,0.853,4.6,7.4,2340,3448,27.1,31.7,37.9,71.0,2.6,2.5,54.4,18.5,78.4,5.9,5.5,4.8,28.2,7,20,31.7,57.1,87.9,345,370,64.7,31.0,4.5,16.5,0.8,0.9,72.5,76.0,,,4.6,7.0,10.8,73.6,48.1,12.5,71.6,32.4,39.4,0.335,47,34.8,23.1,98
Papua New Guinea,0.516,-6.63639,144.358,62.8,4.3,2712,,3.7,5.3,2362,3047,2.7,8.8,14.7,69.6,2.5,2.1,13.0,21.2,62.1,5.0,4.4,3.8,56.1,13,35,49.5,44.5,57.3,237,313,40.3,40.0,0.8,14.9,0.6,3.5,68.1,70.3,,,3.1,6.7,,,66.5,0.9,67.6,,26.5,0.484,,11.5,,0
Zimbabwe,0.516,-19.0093,29.3309,59.2,7.7,1588,0.927,7.3,8.2,1360,1822,35.1,51.9,64.7,77.8,0.8,2.2,32.4,18.9,75.0,5.3,4.0,4.0,41.0,2,8,27.6,46.6,70.7,382,413,18.4,15.0,14.7,17.5,0.8,2.5,74.7,82.4,65.8,25.0,9.3,15.4,,65.5,82.9,6.2,44,28.1,31.2,0.415,,17.4,35.8,98
Solomon Islands,0.515,-9.60495,160.154,68.1,5.3,1561,,,,1061,2045,2.0,,,61.1,2.6,2.1,22.3,19.9,69.1,5.9,4.6,4.1,73.7,5,7,32.8,23.6,28.1,157,198,5.5,13.0,,16.9,2.2,4.6,43.9,67.4,,,34.8,51.5,,,52.6,13.1,231.2,23.8,22.3,0.575,,22.8,26.3,84
Mauritania,0.513,20.9781,-11.4724,63.2,4.3,3527,0.818,3.3,5.4,1608,5422,22.2,11.1,23.5,29.1,3.0,2.5,59.9,19.8,70.5,5.7,5.3,4.7,26.9,12,16,22.0,65.1,84.7,183,228,67.2,22.0,0.6,16.5,0.7,1.9,32.5,47.2,,,31.1,47.3,,,17.6,9.3,16.1,31.9,33.7,0.441,15,40.8,21.2,98
Madagascar,0.512,-18.7304,46.7264,65.5,6.1,1320,0.948,6.7,6.1,1091,1549,20.5,,,83.8,3.0,2.8,35.1,18.7,75.2,5.1,5.3,4.5,41.9,17,36,49.2,35.9,49.6,199,248,41.4,51.0,0.4,16.9,1.6,1.5,84.6,86.4,75.3,16.9,2.2,3.6,5.0,86.0,90.0,4.6,25.8,26.8,24.8,0.527,23,35.0,20.4,98
Rwanda,0.498,-1.97642,29.9799,64.7,3.8,1617,0.992,3.3,4.4,1428,1822,57.5,10.5,16.4,86.4,2.3,2.4,28.8,19.2,73.1,5.0,5.4,4.1,87.3,1,2,37.9,31.1,41.7,178,296,33.2,6.4,2.9,17.9,0.6,2.9,82.9,84.9,75.3,16.2,2.4,3.0,,77.7,82.1,4.7,115.2,31.8,29.8,0.483,29,29.3,36.4,84
Comoros,0.497,-12.2104,44.4132,63.6,4.8,1335,0.817,3.7,5.6,715,1945,3.0,,,35.3,2.4,2.4,28.3,19.7,70.7,4.9,5.2,4.6,12.1,17,20,32.1,55.1,73.5,204,254,70.4,7.5,,16.2,1.5,2.2,46.2,57.4,,,19.6,37.7,,,25.3,,126.5,44.8,30.9,0.463,22,47.6,56.0,98
Lesotho,0.497,-29.6153,28.1644,50.1,6.1,3319,0.962,7.0,5.3,2631,4020,24.8,23.6,22.5,59.2,0.7,1.2,27.3,21.0,60.3,6.9,3.8,3.3,66.9,3,8,33.2,69.2,90.2,599,581,,64.0,22.7,15.5,0.5,8.1,48.1,66.4,,,27.5,37.6,,17.4,64.6,100.0,114.7,34.9,33.5,0.308,23,24.3,47.0,84
Senegal,0.494,14.4924,-14.6587,66.9,2.8,2250,0.886,2.1,3.6,1706,2814,42.7,10.2,19.2,45.0,2.7,3.1,43.7,18.0,82.1,5.5,5.4,5.2,33.0,6,20,19.4,41.7,47.2,160,227,59.5,21.0,0.5,16.6,0.6,2.4,51.7,57.1,46.1,22.4,9.3,13.1,,58.0,63.8,23.5,55.1,32.5,25.0,0.541,15,44.7,27.7,98
Haiti,0.493,18.9804,-72.2836,63.1,5.2,1657,,3.9,6.6,1370,1950,3.5,25.7,38.7,61.5,1.6,1.4,58.6,23.0,54.8,7.5,4.0,3.1,39.7,28,47,21.9,52.2,69.0,215,277,5.1,20.0,1.7,17.8,,1.6,61.7,66.3,,,6.9,17.4,,,60.5,1.0,72.9,39.2,30.9,0.458,24,38.3,48.4,42
Uganda,0.493,1.33054,32.6722,59.2,5.7,1670,0.878,4.5,6.8,1266,2075,35.0,25.9,32.1,82.3,3.3,3.3,16.1,15.9,97.3,5.0,6.7,5.9,63.2,11,18,34.2,37.7,54.6,283,346,57.9,12.0,7.1,17.3,1.2,1.8,81.9,85.0,71.9,20.2,3.6,6.0,5.9,78.9,60.6,6.6,33.5,30.8,35.7,0.388,16,29.4,27.3,84
Sudan,0.490,15.4635,29.7732,63.7,3.5,3846,0.839,3.0,4.1,1902,5775,31.0,13.7,18.8,24.3,2.6,2.2,33.8,19.4,72.1,5.9,5.3,4.5,55.4,1,14,38.2,47.6,70.1,197,254,16.5,21.0,0.3,17.8,2.8,1.8,41.6,48.1,44.6,40.1,13.6,22.5,,,27.6,4.6,69.8,,31.8,0.459,25,42.7,,56
Togo,0.487,8.66582,1.00758,60.2,4.7,1262,0.841,3.2,6.3,1116,1412,17.6,23.1,36.1,81.1,2.7,2.7,40.0,18.7,76.8,5.0,5.3,4.7,57.5,9,18,27.5,52.3,78.4,256,289,82.8,8.8,2.4,15.1,0.5,2.0,74.6,80.9,,,7.7,12.2,9.0,89.1,65.7,10.9,57.4,31.6,32.4,0.418,28,38.9,23.5,98
Benin,0.485,9.30495,2.28363,59.8,3.5,1979,0.858,2.8,4.3,1673,2287,7.2,15.8,30.8,70.0,3.3,2.7,44.0,18.6,76.7,5.3,5.8,4.9,41.4,16,37,34.0,64.2,99.5,223,270,79.6,9.8,1.1,15.6,0.6,2.3,70.9,71.7,45.1,44.0,1.1,2.3,20.0,87.7,65.7,9.7,15.1,37.1,37.0,0.385,15,44.8,29.4,98
Yemen,0.482,15.7848,47.485,64.1,3.0,2300,0.737,1.9,4.2,1045,3530,0.5,15.6,33.2,25.8,2.8,2.6,34.6,19.3,70.7,4.9,6.0,4.4,10.3,6,25,46.5,33.8,41.9,201,245,10.0,4.4,0.1,16.3,2.0,1.3,41.7,49.6,24.7,56.2,15.9,30.1,48.1,29.6,50.5,8.5,39.6,32.7,29.4,0.478,23,48.1,20.6,70
Afghanistan,0.479,33.9328,65.181,60.7,3.6,1871,0.609,1.6,5.8,511,3148,27.4,8.8,35.4,19.1,4.3,3.0,26.7,17.5,82.3,4.6,7.2,5.1,,18,34,40.9,66.3,91.1,238,281,0.2,44.0,0.1,15.7,2.7,2.9,47.5,52.5,,,9.6,19.9,,,89.8,10.7,71.2,30.4,35.7,0.403,29,44.8,10.8,90
Malawi,0.476,-13.2754,33.7376,63.9,4.4,1073,0.921,3.8,5.0,972,1175,16.7,14.9,24.2,81.2,2.6,3.1,16.3,17.2,87.9,6.7,6.1,5.3,70.2,3,15,42.4,43.4,64.0,262,279,62.9,17.0,9.1,18.8,0.2,6.0,75.5,81.0,64.1,28.5,6.7,8.9,16.7,,87.6,4.1,70.2,31.1,32.7,0.454,39,28.2,32.5,56
Côte d'Ivoire,0.474,7.5407,-5.69909,51.9,5.0,3163,0.814,3.9,6.1,2136,4155,9.2,16.6,32.7,52.4,1.9,2.4,54.2,18.4,77.9,5.6,5.7,5.1,12.1,22,37,29.6,66.6,92.6,388,424,70.6,,3.2,14.1,1.4,1.7,60.6,67.0,,,9.5,13.7,,79.0,53.9,7.7,45.1,37.4,39.7,0.296,26,45.1,27.4,98
Djibouti,0.473,11.8155,42.4934,62.3,4.1,3216,,,,1981,4441,12.7,,,36.5,1.5,1.3,77.3,23.6,51.9,6.6,4.2,3.3,1.3,7,29,33.5,54.2,65.3,230,277,27.9,120.0,1.6,17.5,2.3,6.8,24.1,52.3,,,53.9,,,,,12.0,74.6,33.7,32.5,0.439,8,47.0,21.7,98
Gambia,0.452,13.4421,-14.3524,60.5,3.3,1541,0.878,2.6,4.2,1296,1790,9.4,25.3,39.1,72.2,3.2,3.2,59.6,16.8,89.7,4.5,5.9,5.8,46.8,2,4,24.5,47.9,68.9,237,291,83.7,18.0,1.8,15.2,0.4,5.0,54.0,77.3,31.5,54.6,30.1,44.4,,60.5,,10.8,49.2,,31.3,0.428,19,,26.9,180
Ethiopia,0.448,9.17219,38.9442,64.6,2.6,1523,0.842,1.5,3.7,1161,1886,37.3,10.8,20.7,77.0,2.8,2.5,19.5,18.6,75.2,6.3,6.1,4.6,52.0,14,30,40.4,41.4,59.2,203,255,48.1,33.0,,17.8,0.2,2.9,78.4,83.0,72.7,19.9,5.5,7.6,1.1,88.8,75.3,9.0,443.4,25.5,30.3,0.478,27,36.6,9.5,90
Mali,0.442,17.9864,-0.775526,58.5,2.3,2218,0.786,1.7,3.0,1349,3071,8.8,7.3,16.2,50.1,3.1,3.0,39.9,16.2,95.1,5.0,6.9,6.4,37.8,20,20,38.5,74.5,114.7,263,258,92.1,11.0,1.3,15.2,0.8,1.6,60.6,66.2,,,8.5,10.7,13.5,82.9,80.0,5.7,162.4,32.7,40.4,0.353,21,41.6,16.1,98
Dem. Rep. Congo,0.435,-4.04213,22.4323,59.1,6.1,680,0.832,4.0,8.1,599,761,8.2,14.5,35.0,70.5,3.1,3.2,42.5,16.9,90.1,5.8,7.0,6.2,47.6,19,23,42.6,74.5,98.3,241,290,106.6,69.0,0.8,16.6,1.1,1.6,68.4,71.1,,,3.8,6.2,,,85.3,15.0,178.8,31.7,39.1,0.366,38,27.7,28.2,98
Liberia,0.427,6.46912,-9.69921,61.2,4.4,683,0.830,3.1,6.0,575,788,10.7,17.3,39.7,58.0,2.5,2.6,49.7,18.6,77.4,5.5,5.7,4.8,55.2,26,42,32.1,52.8,69.9,231,269,69.2,68.0,1.1,15.4,0.1,3.2,58.4,60.9,46.5,41.2,4.2,4.9,14.5,78.7,89.0,,104.3,32.9,33.1,0.424,21,42.9,22.7,90
Guinea-Bissau,0.424,11.7938,-14.3512,55.5,2.9,1369,,,,1139,1603,13.7,,,67.2,2.1,2.4,49.3,19.4,72.8,5.7,5.6,5.0,52.5,8,31,27.6,60.3,92.5,252,306,96.2,63.0,,15.0,0.5,1.1,67.2,72.7,,,7.6,12.4,,,79.4,6.2,62.3,39.1,44.6,0.302,38,40.3,32.5,60
Eritrea,0.420,15.1892,38.0907,64.2,3.9,1490,,,,1286,1693,22.0,,,77.7,3.4,2.2,22.6,18.6,78.4,4.8,5.1,4.4,68.7,3,4,50.3,34.1,46.5,228,295,3.6,14.0,0.6,15.4,0.5,1.5,76.9,83.9,,,8.4,13.0,,,69.0,,118.5,,25.9,0.504,,,,60
Sierra Leone,0.420,8.45588,-11.888,51.3,3.3,1529,0.871,2.6,4.2,1354,1708,12.4,16.8,29.7,65.0,4.4,2.2,39.9,18.5,77.1,4.9,6.0,4.8,32.0,12,22,37.9,87.1,120.4,399,407,108.7,45.0,1.3,13.0,0.2,1.9,64.5,66.8,,,3.4,5.3,,,81.4,0.9,157.5,36.6,43.4,0.273,37,47.3,19.2,84
Mozambique,0.418,-18.6326,34.6755,55.5,3.5,1098,0.879,2.5,4.6,1016,1184,39.6,2.8,8.0,82.5,2.9,2.8,32.2,17.1,88.2,6.5,5.8,5.5,41.0,7,15,43.1,56.7,78.5,382,425,71.4,67.0,10.5,17.0,0.4,3.9,61.5,79.1,,,22.3,37.8,10.1,,90.9,17.3,146.3,32.9,36.4,0.347,22,33.8,28.4,60
South Sudan,0.418,7.85784,29.1178,56.1,4.8,1882,,4.0,5.3,,,24.3,,,71.2,3.8,4.1,18.8,18.6,77.3,6.4,6.0,5.2,45.1,51,78,31.1,60.3,92.6,321,348,55.4,29.0,2.5,16.4,,1.1,,73.2,,,,,,,,,65.1,,40.7,0.330,,39.6,,56
Guinea,0.414,9.93115,-9.67642,59.2,2.6,1058,0.784,1.5,3.9,848,1267,21.9,,,79.5,1.9,2.7,37.2,18.5,78.2,5.6,5.9,5.1,20.5,40,48,31.3,61.0,93.7,260,285,104.8,29.0,1.6,15.0,1.0,2.7,80.9,82.3,74.8,19.3,1.8,1.2,,89.8,72.5,8.8,137,33.6,35.4,0.390,28,48.3,17.1,98
Burundi,0.404,-3.38269,29.916,57.1,3.0,691,0.919,2.6,3.6,632,752,37.8,7.1,9.6,84.6,3.2,3.3,12.1,17.6,85.0,4.7,6.9,6.1,69.3,2,6,57.5,54.1,81.7,267,327,63.7,23.0,1.0,16.4,0.3,4.0,82.4,83.7,,,1.5,2.9,,93.7,93.5,4.0,154.3,30.6,40.8,0.338,26,36.9,14.1,84
Burkina Faso,0.402,12.235,-1.2058,59.0,1.4,1537,0.874,1.0,2.0,1278,1800,9.4,6.0,11.5,76.6,2.9,2.9,29.9,17.0,87.6,4.6,6.4,5.6,50.1,5,12,32.9,60.9,88.6,250,279,103.3,9.1,0.8,15.1,0.5,2.6,81.1,83.5,,,2.9,4.7,,89.6,80.5,3.2,119.6,33.3,37.1,0.377,39,38.6,24.2,98
Chad,0.396,15.4431,18.5405,51.9,2.3,1991,0.765,1.2,3.4,1581,2400,14.9,1.7,9.9,64.0,3.8,3.3,22.5,16.0,95.8,4.9,7.2,6.3,0.3,40,46,39.9,85.0,138.7,346,388,152.6,23.0,2.0,15.7,0.4,2.0,67.6,71.6,,,5.6,8.3,,,67.0,1.6,63.8,39.6,46.2,0.264,26,41.9,30.7,98
Niger,0.353,18.0691,9.90298,61.9,1.7,889,0.732,1.1,2.3,481,1292,13.3,3.6,8.4,40.2,3.7,4.0,18.7,14.8,107.5,5.5,7.7,7.6,23.3,11,28,43.0,57.1,95.5,203,239,131.1,18.0,0.5,16.0,0.2,3.2,62.9,64.7,,,2.8,3.9,,84.8,85.1,6.1,101.4,27.5,35.3,0.417,31,35.0,12.3,98
Central African Republic,0.352,6.59964,20.624,51.5,4.2,587,0.776,2.8,5.7,482,696,12.5,12.3,29.8,71.7,1.7,2.0,40.0,20.0,68.4,6.8,5.3,4.4,34.3,31,51,40.7,91.5,130.1,382,423,114.9,48.0,3.7,15.8,0.5,2.1,72.1,78.0,,,7.6,12.3,,,81.3,,-9.2,43.1,45.7,0.263,29,34.5,49.2,98
